{
  "name": "IQKeyboardManagerSwift",
  "version": "6.5.9",
  "source": {
    "git": "https://github.com/hackiftekhar/IQKeyboardManager.git",
    "tag": "v6.5.9"
  },
  "summary": "Codeless drop-in universal library allows to prevent issues of keyboard sliding up and cover UITextField/UITextView.",
  "homepage": "https://github.com/hackiftekhar/IQKeyboardManager",
  "screenshots": "https://raw.githubusercontent.com/hackiftekhar/IQKeyboardManager/master/Screenshot/IQKeyboardManagerScreenshot.png",
  "license": "MIT",
  "authors": {
    "Iftekhar Qurashi": "hack.iftekhar@gmail.com"
  },
  "platforms": {
    "ios": "9.0"
  },
  "swift_versions": [
    "4.2",
    "5.0",
    "5.1",
    "5.2",
    "5.3",
    "5.4",
    "5.5"
  ],
  "source_files": "IQKeyboardManagerSwift/**/*.{swift}",
  "frameworks": [
    "UIKit",
    "Foundation",
    "CoreGraphics",
    "QuartzCore"
  ],
  "requires_arc": true
}
