{
  "name": "IQKeyboardManager",
  "version": "6.5.9",
  "source": {
    "git": "https://github.com/hackiftekhar/IQKeyboardManager.git",
    "tag": "v6.5.9"
  },
  "summary": "Codeless drop-in universal library allows to prevent issues of keyboard sliding up and cover UITextField/UITextView.",
  "homepage": "https://github.com/hackiftekhar/IQKeyboardManager",
  "screenshots": "https://raw.githubusercontent.com/hackiftekhar/IQKeyboardManager/master/Screenshot/IQKeyboardManagerScreenshot.png",
  "license": "MIT",
  "authors": {
    "Iftekhar Qurashi": "hack.iftekhar@gmail.com"
  },
  "platforms": {
    "ios": "9.0"
  },
  "source_files": "IQKeyboardManager/**/*.{h,m}",
  "public_header_files": [
      "IQKeyboardManager/IQKeyboardManager.h",
      "IQKeyboardManager/IQKeyboardReturnKeyHandler.h",
      "IQKeyboardManager/Categories/IQUIScrollView+Additions.h",
      "IQKeyboardManager/Categories/IQUITextFieldView+Additions.h",
      "IQKeyboardManager/Categories/IQUIView+Hierarchy.h",
      "IQKeyboardManager/Categories/IQUIViewController+Additions.h",
      "IQKeyboardManager/Constants/IQKeyboardManagerConstants.h",
      "IQKeyboardManager/IQTextView/IQTextView.h",
      "IQKeyboardManager/IQToolbar/IQBarButtonItem.h",
      "IQKeyboardManager/IQToolbar/IQPreviousNextView.h",
      "IQKeyboardManager/IQToolbar/IQTitleBarButtonItem.h",
      "IQKeyboardManager/IQToolbar/IQToolbar.h",
      "IQKeyboardManager/IQToolbar/IQUIView+IQKeyboardToolbar.h"
  ],
  "frameworks": [
    "UIKit",
    "Foundation",
    "CoreGraphics",
    "QuartzCore"
  ],
  "requires_arc": true
}
